{"app":{"iconId":16777219,"debug":false,"targetPatchAPIVersion":0,"minAPIVersion":50000012,"icon":"$media:layered_image","buildMode":"release","label":"$string:app_name","bundleType":"app","versionName":"1.0.0","versionCode":1000000,"appEnvironments":[],"compileSdkType":"HarmonyOS","labelId":16777216,"compileSdkVersion":"6.0.2.129","targetAPIVersion":50000012,"vendor":"example","bundleName":"com.example.twgapplication","apiReleaseType":"Beta1","targetMinorAPIVersion":0},"module":{"virtualMachine":"ark12.0.2.0","mainElement":"EntryAbility","installationFree":false,"deliveryWithInstall":true,"requestPermissions":[{"reason":"$string:permission_internet_reason","reasonId":16777224,"usedScene":{"abilities":["EntryAbility"],"when":"always"},"name":"ohos.permission.INTERNET"},{"reason":"$string:permission_network_info_reason","reasonId":16777225,"usedScene":{"abilities":["EntryAbility"],"when":"always"},"name":"ohos.permission.GET_NETWORK_INFO"},{"reason":"$string:permission_background_reason","reasonId":16777223,"usedScene":{"abilities":["EntryAbility"],"when":"always"},"name":"ohos.permission.KEEP_BACKGROUND_RUNNING"},{"reason":"$string:permission_running_lock_reason","reasonId":16777226,"usedScene":{"abilities":["EntryAbility"],"when":"inuse"},"name":"ohos.permission.RUNNING_LOCK"}],"description":"$string:module_desc","extensionAbilities":[{"exported":false,"metadata":[{"resourceId":16777230,"resource":"$profile:backup_config","name":"ohos.extension.backup"}],"srcEntry":"./ets/entrybackupability/EntryBackupAbility.ets","name":"EntryBackupAbility","type":"backup"}],"compileMode":"esmodule","type":"entry","dependencies":[],"abilities":[{"exported":true,"iconId":16777219,"startWindowIconId":16777229,"backgroundModes":["audioPlayback","dataTransfer"],"icon":"$media:layered_image","startWindowIcon":"$media:startIcon","startWindowBackgroundId":16777227,"description":"$string:EntryAbility_desc","label":"$string:EntryAbility_label","skills":[{"entities":["entity.system.home"],"actions":["ohos.want.action.home"]}],"srcEntry":"./ets/entryability/EntryAbility.ets","descriptionId":16777220,"labelId":16777221,"startWindowBackground":"$color:start_window_background","name":"EntryAbility"}],"deviceTypes":["phone","tablet"],"pages":"$profile:main_pages","descriptionId":16777222,"name":"entry","packageName":"entry"}}