{"libwinpr3.so.3":{"isSO":true,"moduleName":"","bundleName":"","dependencyAlias":"","packageName":"libwinpr3.so.3","entryPath":"","version":""},"libwinpr3.so":{"isSO":true,"moduleName":"","bundleName":"","dependencyAlias":"","packageName":"libwinpr3.so","entryPath":"","version":""},"libswresample.so":{"isSO":true,"moduleName":"","bundleName":"","dependencyAlias":"","packageName":"libswresample.so","entryPath":"","version":""},"libavutil.so.58":{"isSO":true,"moduleName":"","bundleName":"","dependencyAlias":"","packageName":"libavutil.so.58","entryPath":"","version":""},"libfreerdp3.so":{"isSO":true,"moduleName":"","bundleName":"","dependencyAlias":"","packageName":"libfreerdp3.so","entryPath":"","version":""},"libavfilter.so.9.12.100":{"isSO":true,"moduleName":"","bundleName":"","dependencyAlias":"","packageName":"libavfilter.so.9.12.100","entryPath":"","version":""},"libcrypto.so.3":{"isSO":true,"moduleName":"","bundleName":"","dependencyAlias":"","packageName":"libcrypto.so.3","entryPath":"","version":""},"libfreerdp3.so.3":{"isSO":true,"moduleName":"","bundleName":"","dependencyAlias":"","packageName":"libfreerdp3.so.3","entryPath":"","version":""},"libavformat.so.60.16.100":{"isSO":true,"moduleName":"","bundleName":"","dependencyAlias":"","packageName":"libavformat.so.60.16.100","entryPath":"","version":""},"libavdevice.so.60":{"isSO":true,"moduleName":"","bundleName":"","dependencyAlias":"","packageName":"libavdevice.so.60","entryPath":"","version":""},"libavcodec.so.60.31.102":{"isSO":true,"moduleName":"","bundleName":"","dependencyAlias":"","packageName":"libavcodec.so.60.31.102","entryPath":"","version":""},"libavdevice.so.60.3.100":{"isSO":true,"moduleName":"","bundleName":"","dependencyAlias":"","packageName":"libavdevice.so.60.3.100","entryPath":"","version":""},"libavformat.so.60":{"isSO":true,"moduleName":"","bundleName":"","dependencyAlias":"","packageName":"libavformat.so.60","entryPath":"","version":""},"libavfilter.so":{"isSO":true,"moduleName":"","bundleName":"","dependencyAlias":"","packageName":"libavfilter.so","entryPath":"","version":""},"libz.so.1":{"isSO":true,"moduleName":"","bundleName":"","dependencyAlias":"","packageName":"libz.so.1","entryPath":"","version":""},"libwinpr3.so.3.5.1":{"isSO":true,"moduleName":"","bundleName":"","dependencyAlias":"","packageName":"libwinpr3.so.3.5.1","entryPath":"","version":""},"@ohos/hamock":{"isSO":false,"moduleName":"","bundleName":"","dependencyAlias":"","packageName":"@ohos/hamock","entryPath":"index.ets","version":"1.0.0"},"libcrypto.so":{"isSO":true,"moduleName":"","bundleName":"","dependencyAlias":"","packageName":"libcrypto.so","entryPath":"","version":""},"libavfilter.so.9":{"isSO":true,"moduleName":"","bundleName":"","dependencyAlias":"","packageName":"libavfilter.so.9","entryPath":"","version":""},"libavcodec.so.60":{"isSO":true,"moduleName":"","bundleName":"","dependencyAlias":"","packageName":"libavcodec.so.60","entryPath":"","version":""},"libswresample.so.4":{"isSO":true,"moduleName":"","bundleName":"","dependencyAlias":"","packageName":"libswresample.so.4","entryPath":"","version":""},"libz.so.1.3.1":{"isSO":true,"moduleName":"","bundleName":"","dependencyAlias":"","packageName":"libz.so.1.3.1","entryPath":"","version":""},"libswresample.so.4.12.100":{"isSO":true,"moduleName":"","bundleName":"","dependencyAlias":"","packageName":"libswresample.so.4.12.100","entryPath":"","version":""},"@ohos/hypium":{"isSO":false,"moduleName":"","bundleName":"","dependencyAlias":"","packageName":"@ohos/hypium","entryPath":"index.js","version":"1.0.24"},"libssl.so.3":{"isSO":true,"moduleName":"","bundleName":"","dependencyAlias":"","packageName":"libssl.so.3","entryPath":"","version":""},"libssl.so":{"isSO":true,"moduleName":"","bundleName":"","dependencyAlias":"","packageName":"libssl.so","entryPath":"","version":""},"libcjson.so":{"isSO":true,"moduleName":"","bundleName":"","dependencyAlias":"","packageName":"libcjson.so","entryPath":"","version":""},"legacy.so":{"isSO":true,"moduleName":"","bundleName":"","dependencyAlias":"","packageName":"legacy.so","entryPath":"","version":""},"libswscale.so.7.5.100":{"isSO":true,"moduleName":"","bundleName":"","dependencyAlias":"","packageName":"libswscale.so.7.5.100","entryPath":"","version":""},"libfreerdp_harmonyos.so":{"isSO":true,"moduleName":"","bundleName":"","dependencyAlias":"","packageName":"libfreerdp_harmonyos.so","entryPath":"","version":""},"libavutil.so.58.29.100":{"isSO":true,"moduleName":"","bundleName":"","dependencyAlias":"","packageName":"libavutil.so.58.29.100","entryPath":"","version":""},"libavdevice.so":{"isSO":true,"moduleName":"","bundleName":"","dependencyAlias":"","packageName":"libavdevice.so","entryPath":"","version":""},"entry":{"isSO":false,"moduleName":"","bundleName":"","dependencyAlias":"","packageName":"entry","entryPath":"src/main/","version":""},"libavformat.so":{"isSO":true,"moduleName":"","bundleName":"","dependencyAlias":"","packageName":"libavformat.so","entryPath":"","version":""},"libcjson.so.1.7.18":{"isSO":true,"moduleName":"","bundleName":"","dependencyAlias":"","packageName":"libcjson.so.1.7.18","entryPath":"","version":""},"libavcodec.so":{"isSO":true,"moduleName":"","bundleName":"","dependencyAlias":"","packageName":"libavcodec.so","entryPath":"","version":""},"libavutil.so":{"isSO":true,"moduleName":"","bundleName":"","dependencyAlias":"","packageName":"libavutil.so","entryPath":"","version":""},"padlock.so":{"isSO":true,"moduleName":"","bundleName":"","dependencyAlias":"","packageName":"padlock.so","entryPath":"","version":""},"capi.so":{"isSO":true,"moduleName":"","bundleName":"","dependencyAlias":"","packageName":"capi.so","entryPath":"","version":""},"libswscale.so":{"isSO":true,"moduleName":"","bundleName":"","dependencyAlias":"","packageName":"libswscale.so","entryPath":"","version":""},"libcjson.so.1":{"isSO":true,"moduleName":"","bundleName":"","dependencyAlias":"","packageName":"libcjson.so.1","entryPath":"","version":""},"loader_attic.so":{"isSO":true,"moduleName":"","bundleName":"","dependencyAlias":"","packageName":"loader_attic.so","entryPath":"","version":""},"libz.so":{"isSO":true,"moduleName":"","bundleName":"","dependencyAlias":"","packageName":"libz.so","entryPath":"","version":""},"libswscale.so.7":{"isSO":true,"moduleName":"","bundleName":"","dependencyAlias":"","packageName":"libswscale.so.7","entryPath":"","version":""},"libfreerdp3.so.3.5.1":{"isSO":true,"moduleName":"","bundleName":"","dependencyAlias":"","packageName":"libfreerdp3.so.3.5.1","entryPath":"","version":""}}